company-name,company-code,Emplyees_202601,Country
Amazon,AMZN,1546000,USA
Jingdong Mall,JD,900000,China
Foxconn,2317.TW,826608,Taiwan
IBM,IBM,270300,USA
Microsoft,MSFT,228000,USA
Panasonic,6752.T,207548,Japan
Google,GOOG,187103,USA
Oracle,ORCL,162000,USA
Schneider Electric,SU.PA,155822,France
Apple,AAPL,150000,USA
Genpact,G,146000,Bermuda
Tesla,TSLA,125665,USA
Alibaba,BABA,123711,China
Meituan,3690.HK,114731,China
Sony,SONY,112300,Japan
Canon,7751.T,111733,Japan
Tencent,TCEHY,109414,China
SAP,SAP,108929,Germany
Intel,INTC,108900,USA
Dell,DELL,108000,USA
NEC Corp,6701.T,105276,Japan
ASE Group,ASX,100450,Taiwan
Coupang,CPNG,95000,USA
Ericsson,ERIC,91937,Sweden
IQVIA,IQV,90000,USA
Cisco,CSCO,86200,USA
TE Connectivity,TEL,85000,Switzerland
MercadoLibre,MELI,84207,Argentina
TSMC,TSM,83825,Taiwan
Sea Limited,SE,80700,Singapore
Nokia,NOK,78434,Finland
Telus International,TIXT,78000,Canada
Salesforce,CRM,76453,USA
Meta,META,75945,USA
Murata Manufacturing,6981.T,72572,Japan
Lenovo,0992.HK,69500,Hong Kong
Automatic Data Processing,ADP,67000,USA
EPAM Systems,EPAM,62050,USA
Hewlett Packard Enterprise,HPE,61000,USA
HP,HPQ,58000,USA
Infineon,IFX.DE,57397,Germany
Conduent,CNDT,53000,USA
Sopra Steria Group,SOP.PA,50988,France
Fidelity National Information Services,FIS,50000,USA
STMicroelectronics,STM,49602,Switzerland
QUALCOMM,QCOM,49000,USA
Micron Technology,MU,48000,USA
Leidos,LDOS,47000,USA
Xiaomi,XIACF,45527,China
Constellation Software,CSU.TO,45000,Canada
ASML,ASML,43193,Netherlands
Delivery Hero,DHER.F,42711,Germany
Trip.com,TCOM,41073,China
Fiserv,FI,38000,USA
Broadcom,AVGO,37000,USA
Lufax,LU,36215,China
Applied Materials,AMAT,36100,USA
NVIDIA,NVDA,36000,USA
Baidu,BIDU,35900,China
Texas Instruments,TXN,34000,USA
Asseco,ACP.WA,33716,Poland
LG Electronics,066570.KS,33716,S. Korea
NXP Semiconductors,NXPI,33100,Netherlands
Uber,UBER,32700,USA
Sanmina,SANM,32000,USA
Globant,GLOB,31102,Luxembourg
Adobe,ADBE,30709,USA
Coherent Corp.,COHR,30216,USA
Seagate Technology,STX,30000,Ireland
Jubilant FoodWorks,JUBLFOOD.NS,29346,India
Rakuten,4755.T,29334,Japan
Unimicron,3037.TW,29235,Taiwan
Amdocs,DOX,29058,USA
Amkor Technology,AMKR,28300,USA
AMD,AMD,28000,USA
Global Payments,GPN,27000,USA
SS&C Technologies,SSNC,26800,USA
ON Semiconductor,ON,26400,USA
ServiceNow,NOW,26293,USA
Dassault Systèmes,DSY.PA,26225,France
NetEase,NTES,26028,China
Booking.com,BKNG,24800,USA
Kuaishou Technology,1024.HK,24718,China
PayPal,PYPL,24400,USA
Lumen Technologies,LUMN,24000,USA
Analog Devices,ADI,24000,USA
TietoEVRY,TIETO.HE,23887,Finland
DoorDash,DASH,23700,USA
PDD Holdings,PDD,23465,China
Vishay Intertechnology,VSH,22700,USA
Rohm,6963.T,22608,Japan
Garmin,GRMN,21800,Switzerland
Renesas Electronics,6723.T,21585,Japan
Align Technology,ALGN,21485,USA
OpenText,OTEX,21400,Canada
Wolters Kluwer,WKL.AS,21200,Netherlands
Diebold Nixdorf,DBD,21000,USA
Amadeus IT Group,AMS.MC,20643,Spain
Ocado,OCDO.L,20261,UK
United Microelectronics,UMC,20000,Taiwan
Synopsys,SNPS,20000,USA
NCR Atleos Corporation,NATL,20000,USA
Shenzhen Transsion Holdings,688036.SS,19870,China
Yonyou,600588.SS,19594,China
Workday,WDAY,19517,USA
Nikon,NINOY,19444,Japan
Microchip Technology,MCHP,19400,USA
Entain,ENT.L,19272,Isle of Man
SMIC,0981.HK,19186,China
DiDi,DIDIY,19113,China
HelloFresh,HFG.DE,19012,Germany
Ubisoft,UBI.PA,19011,France
Lam Research,LRCX,19000,USA
Intuit,INTU,18200,USA
Roper Technologies,ROP,18200,USA
Hisense Visual Technology,600060.SS,18097,China
Chewy,CHWY,18000,USA
Paytm,PAYTM.NS,17964,India
Tokyo Electron,8035.T,17702,Japan
Xerox,XRX,17600,USA
Nagarro,NA9.DE,17496,Germany
Kakao,035720.KS,17117,S. Korea
Expedia Group,EXPE,16500,USA
NAURA Technology Group,002371.SZ,16354,China
Palo Alto Networks,PANW,16068,USA
Unisys,UIS,15900,USA
San’an Optoelectronics,600703.SS,15828,China
iFLYTEK,002230.SZ,15551,China
Keysight,KEYS,15500,USA
Zalando,ZAL.DE,15463,Germany
Autodesk,ADSK,15300,USA
KLA,KLAC,15000,USA
Cimpress,CMPR,15000,Ireland
Vipshop,VIPS,14966,China
Fortinet,FTNT,14898,USA
Ozon,OZON.ME,14834,USA
Electronic Arts,EA,14500,USA
Netflix,NFLX,14000,USA
NCR Voyix Corporation,VYX,14000,USA
AT&S Austria Technologie & Systemtechnik,ATS.VI,13828,Austria
Atlassian,TEAM,13813,Australia
Equinix,EQIX,13606,USA
Cadence Design Systems,CDNS,13152,USA
Exela Technologies,XELA,13100,USA
GlobalFoundries,GFS,13000,USA
Take-Two Interactive,TTWO,12928,USA
FactSet,FDS,12579,USA
Keyence,6861.T,12286,Japan
Trimble,TRMB,12100,USA
Wayfair,W,12100,USA
M3 Inc,2413.T,12100,Japan
Block,XYZ,12000,USA
Clarivate,CLVT,12000,UK
NetApp,NTAP,11700,USA
PB Fintech,POLICYBZR.NS,11694,India
Tata Elxsi,TATAELXSI.NS,11639,India
eBay,EBAY,11500,USA
Endava,DAVA,11365,UK
Grab Holdings,GRAB,11267,Singapore
Bandai Namco,7832.T,11159,Japan
Embracer Group,EMBRAC-B.ST,11000,Sweden
United Internet,UTDI.F,10964,Germany
Akamai,AKAM,10944,USA
China Resources Microelectronics,688396.SS,10756,China
Sage Group,SGE.L,10740,UK
"ASMPT
 (ASM Pacific Technology)",0522.HK,10600,Hong Kong
Lumentum,LITE,10562,USA
Silan Microelectronics,600460.SS,10223,China
Skyworks Solutions,SWKS,10100,USA
CrowdStrike,CRWD,10047,USA
Zebra Technologies,ZBRA,9900,USA
Sumco Corporation,3436.T,9850,Japan
Dayforce,DAY,9600,USA
Alight,ALIT,9500,USA
Terveystalo,TTALO.HE,9484,Finland
Nexon,3659.T,9329,Japan
SoftwareONE,SWON.SW,9287,Switzerland
Snowflake,SNOW,8769,USA
NICE,NICE,8726,Israel
HubSpot,HUBS,8723,USA
Sega Sammy Holdings,6460.T,8623,Japan
Arm Holdings,ARM,8330,UK
Playtech,PTEC.L,8300,Isle of Man
Shopify,SHOP,8100,Canada
Kingsoft,3888.HK,8047,China
Entegris,ENTG,8000,USA
Veradigm,MDRX,8000,USA
Bilibili,BILI,7897,China
Nintendo,7974.T,7724,Japan
CyberAgent,4751.T,7720,Japan
Kaspi.kz Joint Stock Company,KKS.F,7700,Kazakhstan
Spotify,SPOT,7691,Sweden
Baozun,BZUN,7650,China
Tyler Technologies,TYL,7542,USA
LifeStance Health Group,LFST,7535,USA
JOYY,JOYY,7449,China
Zoom,ZM,7412,USA
Sangfor Technologies,300454.SZ,7410,China
CI&T,CINT,7399,Brazil
Zscaler,ZS,7348,USA
Paycom,PAYC,7306,USA
Airbnb,ABNB,7300,USA
Logitech,LOGI,7300,Switzerland
Veeva Systems,VEEV,7291,USA
Jack Henry & Associates,JKHY,7240,USA
BOE Varitronix,0710.HK,7182,Hong Kong
Nutanix,NTNX,7150,USA
Kontron AG,KTN.F,7122,Austria
One Software Technologies,ONE.TA,7057,Israel
Marvell Technology,MRVL,7042,USA
PTC,PTC,7000,USA
Inspur,000977.SZ,6968,China
Zillow,Z,6944,USA
Trend Micro,4704.T,6869,Japan
DocuSign,DOCU,6838,USA
THG (The Hut Group),THG.L,6797,UK
UCT (Ultra Clean Holdings),UCTT,6773,USA
Advantest,6857.T,6766,Japan
Paylocity,PCTY,6700,USA
KPIT Technologies,KPITTECH.NS,6698,India
Check Point Software,CHKP,6669,Israel
CoStar Group,CSGP,6593,USA
Datadog,DDOG,6500,USA
SCREEN Holdings,7735.T,6415,Japan
Cegedim SA,CGM.PA,6306,France
Sabre,SABR,6253,USA
Supermicro,SMCI,6238,USA
Temenos,TEMN.SW,6212,Switzerland
Qorvo,QRVO,6200,USA
F5,FFIV,6159,USA
Pure Storage,PSTG,6000,USA
Allegro.eu,ALE.WA,5980,Poland
360 Security Technology,601360.SS,5975,China
Okta,OKTA,5914,USA
Mastek,MASTEK.NS,5810,India
CSG International,CSGS,5800,USA
Karooooo,KARO,5711,Singapore
Teradata,TDC,5700,USA
Toast,TOST,5700,USA
MongoDB,MDB,5654,USA
Tower Semiconductor,TSEM,5613,Israel
GoDaddy,GDDY,5518,USA
Bentley Systems,BSY,5500,USA
Twilio,TWLO,5466,USA
Pegasystems,PEGA,5443,USA
Wix.com,WIX,5326,Israel
Snap,SNAP,5206,USA
Dynatrace,DT,5200,USA
Informatica,INFA,5200,USA
MakeMyTrip,MMYT,5122,India
Yelp,YELP,5116,USA
Rackspace Technology,RXT,5100,USA
Wolfspeed,WOLF,5013,USA
3i Infotech,3IINFOLTD.NS,5000,India
SoFi,SOFI,5000,USA
Unity Software,U,4987,USA
Weibo,WB,4982,China
Grid Dynamics,GDYN,4926,USA
Konami Holdings,9766.T,4890,Japan
Disco Corp.,6146.T,4886,Japan
Sapiens,SPNS,4850,Israel
Manhattan Associates,MANH,4690,USA
iQIYI,IQ,4673,China
Quadient,QDT.PA,4662,France
Teladoc Health,TDOC,4620,USA
Cloudflare,NET,4616,USA
Xero,XRO.AX,4610,New Zealand
IndiaMART,INDIAMART.NS,4583,India
Stitch Fix,SFIX,4570,USA
ASM International,ASM.AS,4558,Netherlands
SenseTime,0020.HK,4531,China
Siltronic,WAF.F,4500,Germany
X-FAB,XFAB.PA,4500,Belgium
Arista Networks,ANET,4412,USA
Rorze Corporation,6323.T,4402,Japan
Freshworks,FRSH,4400,USA
Adyen,ADYEN.AS,4345,Netherlands
Autohome,ATHM,4345,China
Sohu.com,SOHU,4300,China
RingCentral,RNG,4260,USA
Mühlbauer Holding,MUB.DE,4230,Germany
Procore,PCOR,4203,USA
Palantir,PLTR,4164,USA
IONOS Group,IOS.DE,4160,Germany
Allegro MicroSystems,ALGM,4060,USA
CLEAR Secure,YOU,4022,USA
Monolithic Power Systems,MPWR,4017,USA
Perfect World Entertainment,002624.SZ,3905,China
Mobileye,MBLY,3900,Israel
Cigniti Technologies,CIGNITITEC.NS,3891,India
UiPath,PATH,3868,USA
Fair Isaac (FICO),FICO,3855,USA
Deliveroo,ROO.L,3839,UK
Vantiva,VANTI.PA,3831,France
CyberArk Software,CYBR,3793,Israel
Magic Software,MGIC,3787,Israel
Coinbase,COIN,3772,USA
Youdao,DAO,3750,China
Elastic NV,ESTC,3711,USA
TomTom,TOM2.AS,3700,Netherlands
Omnicell,OMCL,3620,USA
Guidewire Software,GWRE,3596,USA
Sprinklr,CXM,3589,USA
JD Health,6618.HK,3564,China
Qifu Technology,QFIN,3527,China
The Trade Desk,TTD,3522,USA
ZoomInfo,GTM,3508,USA
Criteo,CRTO,3507,France
Playtika,PLTK,3500,Israel
Samsara,IOT,3500,USA
Gen Digital,GEN,3500,USA
Nemetschek,NEM.F,3433,Germany
GoTo,GOTO.JK,3413,Indonesia
Futu Holdings,FUTU,3343,Hong Kong
Roku,ROKU,3340,USA
Paysafe,PSFE,3300,USA
WiseTech Global,WTC.AX,3300,Australia
Commvault,CVLT,3300,USA
Instacart (Maplebear Inc.),CART,3265,USA
Rubrik,RBRK,3200,USA
Kudelski SA,KUD.SW,3152,Switzerland
ACI Worldwide,ACIW,3103,USA
Infotel SA,INF.PA,3083,France
Five9,FIVN,3073,USA
Confluent,CFLT,3060,USA
ServiceTitan,TTAN,3049,USA
National Silicon Industry Group,688126.SS,3044,China
The RealReal,REAL,3011,USA
Lightspeed POS,LSPD,3000,Canada
Cohu,COHU,2986,USA
Thryv,THRY,2986,USA
Lectra SA,LSS.PA,2950,France
Lyft,LYFT,2934,USA
AvePoint,AVPT,2934,USA
OVH Groupe,OVH.PA,2919,France
WeRide,WRD,2913,China
DeNA,2432.T,2897,Japan
Workiva,WK,2873,USA
Progress Software,PRGS,2815,USA
Box,BOX,2810,USA
SentinelOne,S,2800,USA
Remitly,RELY,2800,USA
Ituran,ITRN,2800,Israel
Kainos Group,KNOS.L,2796,UK
SPS Commerce,SPSC,2783,USA
Enphase Energy,ENPH,2781,USA
Nykaa,NYKAA.NS,2764,India
Technoprobe,TPRO.MI,2746,Italy
SailPoint,SAIL,2738,USA
TXT e-solutions,TXT.MI,2734,Italy
Penguin Solutions,PENG,2700,USA
Kulicke and Soffa Industries,KLIC,2677,Singapore
RS Technologies,3445.T,2614,Japan
Blackbaud,BLKB,2600,USA
Money Forward,3994.T,2597,Japan
Jamf,JAMF,2595,USA
Corsair Gaming,CRSR,2567,USA
Compass,COMP,2566,USA
Socionext,6526.T,2534,Japan
Lesaka Technologies,LSAK,2531,South Africa
Allient,ALNT,2525,USA
Softcat,SCT.L,2509,UK
monday.com,MNDY,2508,Israel
Match Group,MTCH,2500,USA
Frequentis,FQT.VI,2486,Austria
Kokusai Electric,6525.T,2483,Japan
AMEC,688012.SS,2480,China
Q2,QTWO,2476,USA
Qualys,QLYS,2443,USA
Klaviyo,KVYO,2435,USA
Rapid7,RPD,2413,USA
Payoneer,PAYO,2407,USA
Varonis,VRNS,2406,USA
Etsy,ETSY,2400,USA
Tempus AI,TEM,2400,USA
GitLab,GTLB,2375,USA
Protolabs,PRLB,2357,USA
Alpha & Omega Semiconductor,AOSL,2332,USA
CCC Intelligent Solutions,CCCS,2310,USA
PSI Software,PSAN.DE,2310,Germany
Robinhood,HOOD,2300,USA
Oracle Corp Japan,4716.T,2257,Japan
FormFactor,FORM,2238,USA
Reddit,RDDT,2233,USA
Hypoport,HYQ.F,2220,Germany
Dropbox,DBX,2204,USA
Agilysys,AGYS,2200,USA
Himax,HIMX,2200,Taiwan
Soitec,SOI.PA,2200,France
Skillsoft,SKIL,2200,USA
NCC Group plc,NCC.L,2200,UK
ePlus,PLUS,2199,USA
Zeta Global,ZETA,2191,USA
UBTECH Robotics,9880.HK,2191,China
Jumia,JMIA,2163,Germany
NETSCOUT,NTCT,2102,USA
TechTarget,TTGT,2100,USA
GigaDevice Semiconductor,603986.SS,2087,China
Phreesia,PHR,2082,USA
Mercari,4385.T,2080,Japan
Groupon,GRPN,2079,USA
Galaxycore,688728.SS,2073,China
Wirtualna Polska (WP Holding),WPL.WA,2043,Poland
Appian,APPN,2033,USA
ACM Research,ACMR,2023,USA
VeriSilicon Microelectronics,688521.SS,2014,China
EverCommerce,EVCM,2000,USA
Taboola.com,TBLA,2000,USA
Rimini Street,RMNI,2000,USA
CAR Group (Carsales),CAR.AX,2000,Australia
Melexis NV,MELE.BR,2000,Belgium
TOWA Corporation,6315.T,1985,Japan
PowerFleet,AIOT,1954,USA
8x8,EGHT,1942,USA
OneConnect,OCFT,1937,China
Hwatsing Technology,688120.SS,1917,China
Clearwater Analytics,CWAN,1915,USA
Photronics,PLAB,1900,USA
Vertex,VERX,1900,USA
Allied Tecnologia,ALLD3.SA,1900,Brazil
Nexus AG,NXU.DE,1900,Germany
Iress Limited,IRE.AX,1900,Australia
Silicon Labs,SLAB,1889,USA
Zhihu,ZH,1887,China
Enghouse Systems,ENGH.TO,1882,Canada
Tenable,TENB,1872,USA
Genius Sports,GENI,1850,UK
Semtech,SMTC,1838,USA
3D Systems,DDD,1833,USA
nCino,NCNO,1833,USA
BlackLine,BL,1830,USA
BlackBerry,BB,1820,Canada
Ichor Systems,ICHR,1820,USA
Calix,CALX,1820,USA
Asana,ASAN,1819,USA
Silicon Motion,SIMO,1819,Hong Kong
Comet Holding,COTN.SW,1810,Switzerland
Donnelley Financial Solutions,DFIN,1800,USA
N-Able,NABL,1800,USA
Aurora Innovation,AUR,1800,USA
ECARX Holdings,ECX,1800,China
Nucleus Software Exports,NUCLEUS.NS,1782,India
Exail Technologies,EXA.PA,1781,France
Stratasys,SSYS,1779,Israel
eHealth,EHTH,1773,USA
Figma,FIG,1736,USA
BE Semiconductor,BESI.AS,1725,Netherlands
freee K.K.,4478.T,1722,Japan
Synaptics,SYNA,1716,USA
Shutterstock,SSTK,1715,USA
Getty Images,GETY,1700,USA
MACOM,MTSI,1700,USA
Braze,BRZE,1699,USA
Guardforce AI,GFAI,1698,Singapore
ZOZO,3092.T,1693,Japan
Kinaxis,KXS.TO,1674,Canada
Vitec Software Group,VIT-B.ST,1660,Sweden
lastminute.com,LMN.SW,1652,Netherlands
Symbotic,SYM,1650,USA
Mixi,2121.T,1645,Japan
Cirrus Logic,CRUS,1643,USA
Hims & Hers Health,HIMS,1637,USA
Revolve,RVLV,1632,USA
ThredUp,TDUP,1630,USA
Cognyte Software,CGNT,1623,Israel
Xperi,XPER,1620,USA
JFrog,FROG,1600,USA
AvidXchange,AVDX,1600,USA
Hansen Technologies,HSN.AX,1600,Australia
Visiativ SA,ALVIV.PA,1600,France
SG Micro,300661.SZ,1598,China
GungHo Online Entertainment,3765.T,1583,Japan
PAR Technology,PAR,1581,USA
Gree,3632.T,1580,Japan
Zuken Inc.,6947.T,1578,Japan
Semrush,SEMR,1561,USA
GigaCloud Technology,GCT,1561,China
Onto Innovation,ONTO,1551,USA
VisEra Technologies,6789.TW,1534,Taiwan
AppLovin,APP,1533,USA
Digia Oyj,DIGIA.HE,1527,Finland
Axcelis Technologies,ACLS,1524,USA
"Strategy 
 (MicroStrategy)",MSTR,1512,USA
SÜSS MicroTec,SMHN.DE,1509,Germany
PROS,PRO,1501,USA
Waystar,WAY,1500,USA
OneStream,OS,1500,USA
Bravura Solutions,BVS.AX,1490,Australia
Certara,CERT,1487,USA
i3 Verticals,IIIV,1480,USA
Comtech Telecommunications,CMTL,1468,USA
CarParts.com,PRTS,1466,USA
TeamViewer,TMV.DE,1461,Germany
Pony AI,PONY,1460,China
DocMorris,DOCM.SW,1453,Switzerland
Tuya Inc.,TUYA,1435,China
Alibaba Health Information Technology,0241.HK,1435,Hong Kong
Monotaro,3064.T,1432,Japan
PROG Holdings,PRG,1403,USA
Cerence,CRNC,1400,USA
Dye & Durham,DND.TO,1400,Canada
Nebius Group,NBIS,1371,Netherlands
VTEX,VTEX,1368,UK
u-blox,UBXN.SW,1339,Switzerland
Elmos Semiconductor,ELG.DE,1329,Germany
Nordic Semiconductor,NOD.OL,1324,Norway
Sprout Social,SPT,1322,USA
Cybozu,4776.T,1321,Japan
iFAST Corporation,AIY.SI,1314,Singapore
Com2uS,078340.KQ,1307,S. Korea
LiveRamp,RAMP,1300,USA
Technology One,TNE.AX,1300,Australia
MaxLinear,MXL,1294,USA
Sectra AB,SECT-B.ST,1294,Sweden
Mister Spex,MRX.F,1293,Germany
SNGULAR,SNG.MC,1284,Spain
Equasens,EQS.PA,1271,France
Coursera,COUR,1260,USA
Huya,HUYA,1251,China
Flywire,FLYW,1250,USA
Accelya,ACCELYA.NS,1248,India
Udemy,UDMY,1246,USA
Bytes Technology,BYIT.L,1245,UK
PagerDuty,PD,1242,USA
Chegg,CHGG,1241,USA
111 Inc.,YI,1238,China
Lemonade,LMND,1235,USA
Intapp,INTA,1235,USA
Veeco,VECO,1231,USA
Mondee,MOND,1226,USA
Xunlei,XNET,1216,China
DigitalOcean,DOCN,1210,USA
Linedata Services,LIN.PA,1207,France
Empyrean Technology,301269.SZ,1202,China
Bumble,BMBL,1200,USA
DoubleVerify,DV,1197,USA
Mensch und Maschine,MUM.F,1194,Germany
Upstart,UPST,1193,USA
UP Fintech (Tiger Brokers),TIGR,1193,China
Nova Ltd.,NVMI,1177,Israel
Cellebrite,CLBT,1167,Israel
BigCommerce,BIGC,1161,USA
Yext,YEXT,1150,USA
Hesai Group,HSAI,1142,China
Aixtron,AIXA.F,1132,Germany
GB Group (GBG),GBG.L,1127,UK
SmartSens Technology,688213.SS,1113,China
Lattice Semiconductor,LSCC,1110,USA
Asseco Business Solutions,ABS.WA,1104,Poland
Vimeo,VMEO,1102,USA
Fastly,FSLY,1100,USA
dLocal,DLO,1095,Uruguay
Similarweb,SMWB,1085,Israel
Global-e,GLBE,1084,Israel
Nacon,NACON.PA,1070,France
secunet,YSN.F,1059,Germany
Ceragon Networks,CRNT,1056,Israel
PubMatic,PUBM,1049,USA
Lasertec,6920.T,1017,Japan
IVU Traffic Technologies,IVU.DE,1013,Germany
Priority Technology Holdings,PRTH,1005,USA
LendingClub,LC,1002,USA
ZipRecruiter,ZIP,1000,USA
D2L Inc.,DTOL.TO,1000,Canada
Upland Software,UPLD,998,USA
SAKURA Internet,3778.T,997,Japan
WithSecure Oyj,WITH.HE,993,Finland
Appen,APX.AX,992,Australia
Docebo,DCBO,991,Canada
Trainline,TRN.L,990,UK
Trustpilot Group,TRST.L,988,Denmark
Quick Heal,QUICKHEAL.NS,986,India
Zip Co,ZIP.AX,985,Australia
Cambricon Technologies,688256.SS,980,China
PEXA Group,PXA.AX,968,Australia
LegalZoom,LZ,964,USA
Zenvia,ZENV,956,Brazil
AudioCodes,AUDC,946,Israel
Ambarella,AMBA,941,USA
Alkami Technology,ALKT,938,USA
Cheetah Mobile,CMCM,934,China
Méliuz,CASH3.SA,929,Brazil
LendingTree,TREE,927,USA
indie Semiconductor,INDI,920,USA
Gooch & Housego,GHH.L,911,UK
Pulsar Group,PULS.L,911,UK
VusionGroup,VU.PA,904,France
Harmonic Inc.,HLIT,901,USA
QuinStreet,QNST,899,USA
ANI Pharmaceuticals,ANIP,897,USA
LivePerson,LPSN,896,USA
C3 AI,AI,891,USA
Schrödinger,SDGR,891,USA
Qt Group,QTCOM.HE,888,Finland
Domo,DOMO,888,USA
NJ Holdings,9421.T,887,Japan
Magnachip,MX,881,Luxembourg
CoreWeave,CRWV,881,USA
American Well,AMWL,877,USA
Tribal Group,TRB.L,867,UK
Power Integrations,POWI,865,USA
Marqeta,MQ,854,USA
Weave Communications,WEAV,854,USA
VIA optronics AG,VIAO,849,Germany
SoundHound AI,SOUN,842,USA
Doximity,DOCS,830,USA
Yalla Group,YALA,815,UAE
Seco S.p.A.,IOT.MI,811,Italy
Digi International,DGII,805,USA
Couchbase,BASE,804,USA
Espressif Systems (Shanghai),688018.SS,803,China
Synchronoss,SNCR,802,USA
nLIGHT,LASR,800,USA
Ibotta,IBTA,798,USA
Tingo Group,TIO,797,USA
Team Internet Group,TIG.L,787,UK
Riot Blockchain,RIOT,783,USA
Liquidity Services,LQDT,781,USA
Quantum,QMCO,770,USA
Tucows,TCX,765,Canada
Fiverr,FVRR,762,Israel
Newegg,NEGG,762,USA
Atoss,AOF.F,761,Germany
People Can Fly,PCF.WA,756,Poland
Digital Turbine,APPS,754,USA
Bukalapak.com,BUKA.JK,752,Indonesia
Infibeam Avenues,INFIBEAM.NS,750,India
Viomi Technology,VIOT,750,China
Amplitude,AMPL,740,USA
Porch Group,PRCH,729,USA
iHuman,IH,723,China
Bestechnic,688608.SS,722,China
Appirits,4174.T,720,Japan
Vista Group International,VGL.NZ,716,New Zealand
Microlise,SAAS.L,715,UK
COLOPL,3668.T,710,Japan
HANMI Semiconductor,042700.KS,704,S. Korea
SkyWater Technology,SKYT,702,USA
Frontier Developments,FDEV.L,700,UK
The Original BARK Company,BARK,691,USA
gumi,3903.T,689,Japan
The Platform Group,TPG.F,688,Germany
MeridianLink,MLNK,682,USA
accesso Technology Group,ACSO.L,682,UK
centrotherm international,CTNK.F,677,Germany
Marvelous,7844.T,671,Japan
eMudhra,EMUDHRA.NS,669,India
trivago,TRVG,668,Germany
Tose Software,4728.T,653,Japan
Riskified,RSKD,652,Israel
NerdWallet,NRDS,650,USA
iomart Group,IOM.L,650,UK
Wiit S.p.A.,WIIT.MI,641,Italy
NETGEAR,NTGR,636,USA
CD Projekt,CDR.WA,634,Poland
BigBear.ai,BBAI,630,USA
Planisware,PLNW.PA,626,France
Credo Technology,CRDO,622,USA
Asure Software,ASUR,621,USA
Agora.io,API,608,China
Nerdy Inc,NRDY,600,USA
Opera,OPRA,599,Norway
Paradox Interactive,PDX.ST,596,Sweden
Vecima Networks,VCM.TO,591,Canada
Nexters,GDEV,589,Cyprus
Beta Systems Software,BSS.F,587,Germany
SHL Telemedicine,SHLT,583,Israel
Luminar Technologies,LAZR,580,USA
AST SpaceMobile,ASTS,578,USA
Ateme SA,ATEME.PA,578,France
IQE plc,IQE.L,577,UK
Stem Inc,STEM,569,USA
Mitek Systems,MITK,565,USA
Kaltura,KLTR,563,USA
CS Disco,LAW,561,USA
Bakkt Holdings,BKKT,559,USA
Playstudios,MYPS,556,USA
Tracsis,TRCS.L,550,UK
Nextdoor,NXDR,546,USA
Blend Labs,BLND,540,USA
eGain,EGAN,539,USA
KORE,KORE,539,USA
PDF Solutions,PDFS,539,USA
Perion Network,PERI,528,Israel
Pagaya Technologies,PGY,527,Israel
Allot,ALLT,523,Israel
Talkspace,TALK,521,USA
Nano Dimension,NNDM,519,USA
Consensus Cloud Solutions,CCSI,518,USA
MapmyIndia,MAPMYINDIA.NS,510,India
EaseMyTrip,EASEMYTRIP.NS,508,India
Telos,TLS,504,USA
Alfa Financial Software,ALFA.L,502,UK
MNTN Inc.,MNTN,502,USA
Qoria Limited,QOR.AX,500,Australia
Yubico,YUBICO.ST,499,Sweden
Fabasoft,FAA.DE,497,Austria
F-Secure,FSECURE.HE,497,Finland
SmartRent,SMRT,494,USA
SUNeVision,1686.HK,491,Hong Kong
ODDITY Tech,ODD,489,Israel
Materialise NV,MTLS,488,Belgium
A10 Networks,ATEN,481,USA
Hippo,HIPO,478,USA
Serviceware,SJJ.DE,470,Germany
Veritone,VERI,469,USA
Repay Holdings,RPAY,465,USA
OneSpan,OSPN,465,USA
Canaan,CAN,463,China
KLab,3656.T,459,Japan
Life360,LIF,455,USA
Impinj,PI,451,USA
Geospace Technologies,GEOS,450,USA
PLAIDInc.,4165.T,449,Japan
Serverworks,4434.T,449,Japan
Aptitude Software Group,APTD.L,449,UK
MotorK,MTRK.AS,449,Italy
Koh Young Technology,098460.KQ,441,S. Korea
WM Technology,MAPS,440,USA
Latch,LTCH,440,USA
Astera Labs,ALAB,440,USA
Spire Global,SPIR,439,USA
ON24,ONTF,437,USA
InterDigital,IDCC,430,USA
Catapult Group International,CAT.AX,430,Australia
SOPHiA GENETICS,SOPH,423,Switzerland
NFON AG,NFN.DE,419,Germany
Spok Holdings,SPOK,418,USA
Innoviz,INVZ,415,Israel
Gravity Co.,GRVY,414,S. Korea
Almawave,AIW.MI,412,Italy
IonQ,IONQ,407,USA
CEVA,CEVA,406,USA
Truecaller,TRUE-B.ST,406,Sweden
Parrot S.A.,PARRO.PA,404,France
Marti Technologies,MRT,403,Turkey
Nuix Limited,NXL.AX,400,Australia
OPTiM,3694.T,398,Japan
SiTime,SITM,395,USA
2CRSI,AL2SI.PA,394,France
Viant Technology,DSP,383,USA
3P Learning,3PL.AX,380,Australia
Freightos,CRGO,378,Israel
Cantaloupe,CTLP,375,USA
Auction Technology Group,ATG.L,370,UK
Drecom,3793.T,369,Japan
Lantronix,LTRX,367,USA
Yunji,YJ,363,China
Baijiayun Group,RTC,361,China
Arlo Technologies,ARLO,360,USA
Gigas Hosting,GIGA.MC,359,Spain
Shoper,SHO.WA,356,Poland
Easy Software,ESY.HM,355,Germany
TrueCar,TRUE,348,USA
Backblaze,BLZE,346,USA
Perfect Corp.,PERF,342,Taiwan
BlackSky Technology,BKSY,340,USA
Serko Limited,SKO.NZ,337,New Zealand
TANLA,TANLA.NS,336,India
Urgent.ly Inc.,ULY,333,USA
1Spatial,SPA.L,330,UK
Amtech Systems,ASYS,328,USA
Core Scientific,CORZ,325,USA
Admicom Oyj,ADMCM.HE,325,Finland
HUB Cyber Security,HUBC,322,Israel
Freelance.com SA,ALFRE.PA,321,France
Rekor Systems,REKR,319,USA
Lucas GC,LGCL,319,China
freelancer.com,FLN.AX,318,Australia
"SoundThinking 
 (ShotSpotter)",SSTI,316,USA
MSTC Limited,MSTCLTD.NS,315,India
Mynaric,M0YN.DE,314,Germany
Swvl Holdings,SWVL,312,UAE
eMemory Technology,3529.TWO,310,Taiwan
Sidetrade,ALBFR.PA,309,France
Digital Bros,DIB.MI,305,Italy
LifeMD,LFMD,304,USA
System1,SST,300,USA
Forge Global,FRGE,300,USA
Eleco,ELCO.L,298,UK
kneat.com,FOBK.F,293,Ireland
INTERSHOP Communications,ISHA.DE,293,Germany
Ouster,OUST,292,USA
Agile Content,AGIL.MC,290,Spain
1-800-PetMeds,PETS,287,USA
Computer Modelling Group,CMG.TO,287,Canada
Navitas Semiconductor,NVTS,280,Ireland
UNITED,2497.T,280,Japan
Pexip,PEXIP.OL,279,Norway
Silvaco Group,SVCO,279,USA
Aeva Technologies,AEVA,276,USA
Dave Inc.,DAVE,274,USA
Scienjoy,SJ,272,China
Arteris,AIP,270,USA
Netcall,NET.L,270,UK
Thinkific Labs,THNC.TO,269,Canada
geechs,7060.T,268,Japan
Cemtrex,CETX,264,USA
Qudian,QD,262,China
Silicon Studio,3907.T,262,Japan
Castellum,CTM,260,USA
IREN (Iris Energy),IREN,257,Australia
Eagle Eye Solutions Group,EYE.L,257,UK
Techstep ASA,TECH.OL,257,Norway
Valens Semiconductor,VLN,256,Israel
CleanSpark,CLSK,256,USA
11 bit studios,11B.WA,245,Poland
Simulations Plus,SLP,243,USA
Movella,MVLA,241,USA
Velo3D,VLDX,237,USA
Verimatrix,VMX.PA,237,France
Skillz,SKLZ,225,USA
Hut 8,HUT,222,Canada
Lemonsoft,LEMON.HE,220,Finland
D-Wave Quantum,QBTS,216,Canada
Digimarc,DMRC,215,USA
Red Violet,RDVT,215,USA
QXO Inc.,QXO,211,USA
WALLIX Group,ALLIX.PA,209,France
Triller Group,ILLR,206,USA
Genasys,GNSS,202,USA
HiPay Group,ALHYP.PA,198,France
Pixelworks,PXLW,196,USA
AMTD Digital,HKD,196,Hong Kong
Streamwide,ALSTW.PA,195,France
Kalray,ALKAL.PA,195,France
Exasol AG,EXL.DE,193,Germany
Starbreeze,STAR-B.ST,192,Sweden
Micro Systemation,MSAB-B.ST,192,Sweden
CI Games,CI7.F,191,Poland
DoubleDown Interactive,DDI,190,USA
cBrain,CBRAIN.CO,189,Denmark
MicroVision,MVIS,185,USA
Nippon Ichi Software,3851.T,185,Japan
Bitdeer Technologies Group,BTDR,183,Singapore
Dominion Hosting,DHH.MI,181,Italy
Creotech Instruments,CRI.WA,180,Poland
Rasan Information Technology Company,8313.SR,178,S. Arabia
Paysign,PAYS,173,USA
Quartix Technologies,QTX.L,173,UK
Marathon Digital Holdings,MARA,171,USA
Bitfarms,BITF,170,Canada
Identiv,INVE,166,USA
Smith Micro Software,SMSI,164,USA
Marpai,MRAI,162,USA
Xiao-I,AIXI,162,China
Northern Data AG,NB2.DE,157,Germany
Absci,ABSI,156,USA
Hemnet Group AB,HEM.ST,156,Sweden
Sequans Communications,SQNS,155,France
Concurrent Technologies,CNC.L,155,UK
Celebrus Technologies,CLBS.L,154,UK
Applied Digital,APLD,150,USA
Witbe S.A.,ALWIT.PA,146,France
Chrysos Corporation Limited,C79.AX,146,Australia
Research Solutions,RSSS,145,USA
MediaAlpha,MAX,144,USA
Gorilla Technology,GRRR,143,Taiwan
Grindr,GRND,142,USA
CISO Global (Cerberus Cyber Sentinel),CISO,141,USA
Arbe Robotics,ARBE,138,Israel
Rigetti Computing,RGTI,137,USA
Presto Automation,PRST,137,USA
Rumble,RUM,135,USA
Raspberry Pi,RPI.L,134,UK
Natural Health Trends,NHTC,133,USA
Intchains Group,ICG,133,China
reAlpha Tech,AIRE,132,USA
SurgePays,SURG,130,USA
Automatic Bank Services,SHVA.TA,130,Israel
OptimizeRx,OPRX,128,USA
Mentice AB,MNTC.ST,127,Sweden
cyan AG,CYR.DE,124,Germany
GCT Semiconductor,GCTS,121,USA
PT DCI Indonesia Tbk,DCII.JK,120,Indonesia
TransAct Technologies,TACT,117,USA
AudioEye,AEYE,117,USA
Aehr Test Systems,AEHR,115,USA
Expensify,EXFY,115,USA
Red Cat Holdings,RCAT,115,USA
Ondas Holdings,ONDS,113,USA
enish,3667.T,112,Japan
WISeKey International,WKEY,109,Switzerland
SeaChange,SEAC,107,USA
Usio,USIO,107,USA
YOC AG,YOC.DE,107,Germany
Marin Software,MRIN,104,USA
Starbox Group,STBX,103,Malaysia
One Stop Systems,OSS,103,USA
Beeks Financial Cloud Group,BKS.L,103,UK
iLearningEngines,AILE,101,USA
Wedia SA,ALWED.PA,101,France
Aterian,ATER,97,USA
NextNav,NN,96,USA
Katapult Holdings,KPLT,94,USA
Where Food Comes From,WFCF,90,USA
Nano Labs,NA,88,China
NextVision Stabilized Systems,NXSN.TA,88,Israel
Grom Social Enterprises,GROM,86,USA
Everspin Technologies,MRAM,86,USA
G Medical Innovations,GMVD,84,Israel
Mobile Factory,3912.T,84,Japan
"Fr8Tech 
 (Freight Technologies)",FRGT,82,USA
Foresight Autonomous Holdings,FRSX,81,Israel
Lifeward,LFWD,80,Israel
Duos Technologies Group,DUOT,79,USA
Aiforia Technologies Oyj,AIFORIA.HE,79,Finland
Pintec Technology,PT,78,China
BrainChip,BRN.AX,78,Australia
zSpace,ZSPC,78,USA
Vuzix,VUZI,76,USA
Corero Network Security,CNS.L,76,UK
Compugen,CGEN,74,Israel
Nazara Technologies,NAZARA.NS,73,India
ReposiTrak,TRAK,73,USA
Mobile-health Network Solutions,MNDR,73,Singapore
Super League Enterprise,SLE,72,USA
Arqit Quantum,ARQQ,72,UK
Trust Stamp,IDAI,72,USA
Coheris SA,COH.PA,72,France
Stock3 AG,BOG.DE,72,Germany
Palladyne AI,PDYN,71,USA
Streamline Health Solutions,STRM,70,USA
Alarum Technologies,ALAR,68,Israel
SEALSQ,LAES,67,Switzerland
SOS Limited,SOS,65,China
AgEagle Aerial Systems,UAVS,64,USA
Ekso Bionics,EKSO,61,USA
Odysight.ai,ODYS,61,Israel
Orangekloud Technology,ORKT,61,Singapore
Quicklogic,QUIK,59,USA
Socket Mobile,SCKT,59,USA
Cyngn,CYN,58,USA
Semilux International,SELX,58,Taiwan
Richtech Robotics,RR,57,USA
BIT Mining (500.com),BTCM,56,China
Bit Digital,BTBT,54,USA
POET Technologies,POET,53,Canada
Rail Vision,RVSN,52,Israel
Hanryu Holdings,HRYU,52,S. Korea
Airship AI,AISP,52,USA
The9,NCTY,50,China
SaverOne 2014,SVRE,50,Israel
Mobix Labs,MOBX,50,USA
Fonix Mobile,FNX.L,50,UK
Triterras,TRIRF,49,Singapore
Intellicheck,IDN,47,USA
Global Mofy Metaverse,GMM,47,China
Forian,FORA,47,USA
Remark Holdings,MARK,46,USA
Focus Universal,FCUV,46,USA
authID,AUID,46,USA
Vinco Ventures,BBIG,45,USA
AEye,LIDR,45,USA
CuriosityStream,CURI,45,USA
The Glimpse Group,VRAR,44,USA
Cipher Mining,CIFR,43,USA
Zoom Telephonics,MINM,43,USA
Troops,TROO,42,Hong Kong
BIO-key International,BKYI,41,USA
Quantum Computing,QUBT,41,USA
CXApp,CXAI,41,USA
Neonode,NEON,40,Sweden
Beamr Imaging,BMR,38,Israel
Greenidge Generation Holdings,GREE,35,USA
WeTrade Group,WETG,35,China
SIMPPLE,SPPL,35,Singapore
BitFuFu,FUFU,34,Singapore
Lightwave Logic,LWLG,31,USA
ADVFN,AFN.L,31,UK
Phunware,PHUN,29,USA
Onfolio Holdings,ONFO,29,USA
Energous,WATT,26,USA
Locafy,LCFY,26,Australia
Treasure Global,TGL,25,Malaysia
Argo Blockchain,ARBK,25,UK
Fintech Scion (FintechCashier),FINR,23,UK
Netcapital,NCPL,21,USA
Mobilicom,MOB,21,Australia
HIVE Blockchain Technologies,HIVE,20,Canada
Atomera,ATOM,20,USA
Verb Technology,VERB,18,USA
Metaplanet Inc.,3350.T,17,Japan
OLB Group,OLB,15,USA
Earlyworks,ELWS,15,Japan
Kidpik,PIK,14,USA
Signing Day Sports,SGN,14,USA
TeraWulf,WULF,12,USA
IMTE,IMTE,11,Australia
Aeluma,ALMU,11,USA
Blackboxstocks,BLBX,10,USA
BloomZ,BLMZ,10,USA
ALT5 Sigma,ALTS,10,USA
AppTech Payments,APCX,9,USA
DeFi Technologies,DEFI.NE,9,Canada
Jet.AI,JTAI,8,USA
Oblong,OBLG,7,USA
Bitmine Immersion Technologies,BMNR,6,USA
Versus Systems,VS,5,Canada
Jump Networks,JUMPNET.NS,3,India
ATARI,ALATA.PA,3,France
Gryphon Digital Mining,GRYP,3,USA
Sphere 3D,ANY,2,Canada
Sonatype,#N/A,,
Redbubble,#N/A,,
Cornershop,#N/A,,
Happay,#N/A,,
Lemonade,39,8946,,
Zepz,#N/A,,
Pie Insurance,#N/A,,
Guild,#N/A,,
Western Digital,10,8611,,
Airmeet,#N/A,,
Evolve,#N/A,,
Taxfix,#N/A,,
Vendr,#N/A,,
ZoomInfo,1,84423,,
Dragos,#N/A,,
Reddit,20,65,,
Cityblock Health,#N/A,,
23andMe,0,893452,,
Expel,#N/A,,
TaxBit,#N/A,,
Chegg,0,993108,,
GoCardless,#N/A,,
Grubhub,#N/A,,
Bitwise,#N/A,,
Olo,100,64,,
CareRev,#N/A,,
Pilot,#N/A,,
Mojocare,#N/A,,
Chingari,#N/A,,
Plex,#N/A,,
Artsy,#N/A,,
Torii,#N/A,,
Zip,#N/A,,
FNZ,#N/A,,
Perfect Day,#N/A,,
TytoCare,#N/A,,
WayCool,#N/A,,
DeepVerge,#N/A,,
Freightos,2,45,,
Deepwatch,#N/A,,
PayScale,#N/A,,
Sarcos,#N/A,,
AgentSync,#N/A,,
Tilia,#N/A,,
Deep Instict,#N/A,,
Calendly,#N/A,,
Copia,#N/A,,
Figure,#N/A,,
Milkbasket,#N/A,,
Point,#N/A,,
Eroad,#N/A,,
Kape Technologies,#N/A,,
Fable,#N/A,,
Archipelago,#N/A,,
Planet,#N/A,,
Vesttoo,#N/A,,
BetterUp,#N/A,,
Gupy,#N/A,,
Spinny,#N/A,,
Tekion,#N/A,,
Discord,#N/A,,
Doximity,97,05,,
Rapid7,9,89481,,
Dealtale,#N/A,,
AppFolio,31,46,,
Getir,#N/A,,
Atlas,#N/A,,
Captiv8,#N/A,,
Zebra Technologies,169093,,
Huma,#N/A,,
Kenko Health,#N/A,,
Omuni,#N/A,,
Zeplin,#N/A,,
Nexar,#N/A,,
Absci,0,401099,,
Hodinkee,#N/A,,
Drift,#N/A,,
Grabango,#N/A,,
At-Bay,#N/A,,
Homeday,#N/A,,
7shifts,#N/A,,
Lucid Software,#N/A,,
Flexe,#N/A,,
Fi.Money,#N/A,,
Epic Gaming,#N/A,,
Cowbell,#N/A,,
Chia Network,#N/A,,
Synapse,#N/A,,
Hopper,#N/A,,
SchoolMint,#N/A,,
InvestCloud,#N/A,,
Deepgram,#N/A,,
MariaDB,#N/A,,
ManoMano,#N/A,,
WeTranSan Francisco Bay Areaer,#N/A,,
Bullhorn,#N/A,,
StellarAlgo,#N/A,,
Nomad Health,#N/A,,
SiFive,#N/A,,
Sana Benefits,#N/A,,
Physics Wallah,#N/A,,
Our Next Energy,#N/A,,
Dataminr,#N/A,,
Loco,#N/A,,
Incredibuild,#N/A,,
Navan,#N/A,,
Zulily,#N/A,,
Jungle Scout,#N/A,,
SmileDirectClub,#N/A,,
Sunfolding,#N/A,,
TomTom,3,14,,
Analog Devices,234,84,,
Etsy,1,50052,,
Flex,1,46192,,
ForgeRock,#N/A,,
Invitae,#N/A,,
Curalie,#N/A,,
Curbio,#N/A,,
Solarisbank,#N/A,,
Stellar Pizza,#N/A,,
Glowforge,#N/A,,
Jellysmack,#N/A,,
Arm Holdings,132,88,,
Enphase Energy,2,08195,,
InSightec,#N/A,,
Kaspien,0,00690974,,
Hyperloop One,#N/A,,
Intel,22,04,,
Palmetto Clean Technology,#N/A,,
Paytm,3,83102,,
Strake,#N/A,,
Bolt.Earth,#N/A,,
The Messenger,#N/A,,
Lazada Group,#N/A,,
Orca Security,#N/A,,
Xerox,8,29,,
InVision,#N/A,,
Trigo,#N/A,,
NanoString Technology,#N/A,,
LiveVox,#N/A,,
BenchSci,#N/A,,
Flipkart,#N/A,,
Here,#N/A,,
Ledger Investing,#N/A,,
Lendio,#N/A,,
MeridianLink,11,86,,
NuScale Power,45761,,
EVBox,#N/A,,
FullStory,#N/A,,
Humane,#N/A,,
Morning Consult,#N/A,,
Nevro,1,28,,
Rent the Runway,4,29,,
Treasure Financial,#N/A,,
Trend Micro,1,03224,,
Twitch,#N/A,,
ChargePoint,39,,
Citrix,#N/A,,
FreshDirect,#N/A,,
IAC,#N/A,,
Instagram,#N/A,,
888,#N/A,,
Audible,#N/A,,
Certinia,#N/A,,
Cloudflare,82,14,,
Dextrous Robotics,#N/A,,
Inmobi,#N/A,,
New Work SE,#N/A,,
Playtika,10,5272,,
Artifact,#N/A,,
Dastgyr,#N/A,,
GrabCAD,#N/A,,
Veeam,#N/A,,
ALI Technologies,#N/A,,
First Mode,#N/A,,
SonderMind,#N/A,,
Thursday,#N/A,,
Sirplus,#N/A,,
YouTube,#N/A,,
Fashinza,#N/A,,
SolarEdge,4,25,,
2U,0,4351,,
Riot Gaming,#N/A,,
TikTok,#N/A,,
Xendit,#N/A,,
Cure.fit,#N/A,,
GoStudent,#N/A,,
GoTo,107,06,,
Seedr,#N/A,,
Aurora,#N/A,,
Desktop Metal,0,170126,,
Personio,#N/A,,
Business Insider,#N/A,,
Cova,#N/A,,
Jamf,65,78,,
MVPindex,#N/A,,
Veho,#N/A,,
Productboard,#N/A,,
Salesforce,252,9,,
DispatchHealth,#N/A,,
Aurora Solar,#N/A,,
Block,66,08,,
Kiwi.com,#N/A,,
TechCrunch,#N/A,,
Vipps,#N/A,,
CircleCI,#N/A,,
Innoviz,2842,,
Proofpoint,#N/A,,
Thinx,#N/A,,
Trove Recommerce,#N/A,,
Zuora,9,3,,
Indigo,#N/A,,
Cake Bikes,#N/A,,
Small Robot Computer,#N/A,,
Twig,#N/A,,
Astrate Medical,#N/A,,
BillGO,#N/A,,
Drizly,#N/A,,
Impact.com,#N/A,,
Meetup,#N/A,,
Muvin,#N/A,,
Grammarly,#N/A,,
Tenable,37,44,,
Workfellow,#N/A,,
Journera,#N/A,,
Otovo,#N/A,,
Pure Storage,1,18485,,
BlissClub,#N/A,,
Kandji,#N/A,,
Licious,#N/A,,
Everybuddy,#N/A,,
Impinj,7,41708,,
Instacart,#N/A,,
Popcore,#N/A,,
Riskified,0,706117,,
Wisense,#N/A,,
Wint Wealth,#N/A,,
CodeSee,#N/A,,
Gro Intelligence,#N/A,,
May Mobility,#N/A,,
Farfetch,#N/A,,
Aptiv,224,34,,
Auctane,#N/A,,
KnownOrigin,#N/A,,
Meati,#N/A,,
Tails.com,#N/A,,
Finder,#N/A,,
Vice Media,#N/A,,
Daraz,#N/A,,
Expedia,#N/A,,
Apple,229,,
Bumble,16,81,,
PropertyGuru,4,36,,
Sony Interactive,#N/A,,
Motional,#N/A,,
Treasury Prime,#N/A,,
Fisker,#N/A,,
Kevin,#N/A,,
Project Ronin,#N/A,,
Tonik,#N/A,,
Melio,#N/A,,
Form Energy,#N/A,,
MessageBird,#N/A,,
PlanetScale,#N/A,,
Sorare,#N/A,,
Totango,#N/A,,
Turnitin,#N/A,,
Inscribe,#N/A,,
Niche,#N/A,,
Deadspin,#N/A,,
IBM,202,13,,
Phantom Auto,#N/A,,
Blueboard,#N/A,,
Longi,#N/A,,
Orbotech,#N/A,,
ShopBack,#N/A,,
Verily,#N/A,,
Dell,115,54,,
Synctera,#N/A,,
Identiq,#N/A,,
Osso VR,#N/A,,
Ranger Insurance,#N/A,,
Rezi,#N/A,,
Bell,#N/A,,
Lentra,#N/A,,
Thepeer,#N/A,,
CoRover,#N/A,,
Kaseya,#N/A,,
Lightspeed Commerce,#N/A,,
Vivian Health,#N/A,,
Yummly,#N/A,,
Agility Robotics,#N/A,,
Ghost Autonomy,#N/A,,
EXL,#N/A,,
Fission,#N/A,,
Singularity 6,#N/A,,
Trendsales,#N/A,,
Scaler,#N/A,,
Hinge Health,#N/A,,
Zoe,#N/A,,
Criteo,126,67,,
McKinsey & Co,#N/A,,
Tesla,214,11,,
Kwalee,#N/A,,
Take-Two,#N/A,,
Tome,#N/A,,
ConnectWise,#N/A,,
Data.ai,#N/A,,
Toshiba,#N/A,,
Good Glamm Group,#N/A,,
Pax8,#N/A,,
Stability AI,#N/A,,
The Good Glamour,#N/A,,
OutSystems,#N/A,,
Post.,#N/A,,
98point6,#N/A,,
Freenome,#N/A,,
Heureka Group,#N/A,,
SunPower,1,76854,,
A2Mac1 LLC,#N/A,,
Phononic,#N/A,,
True Anomaly,#N/A,,
Yuga Labs,#N/A,,
HealthifyMe,#N/A,,
ComplYant,#N/A,,
Ninja Van,#N/A,,
Akili Interactive,#N/A,,
KeokeN,#N/A,,
RiseUp,#N/A,,
Assurance,#N/A,,
Sproutt,#N/A,,
Cabify,#N/A,,
Bakkt,#N/A,,
Luminar,#N/A,,
Enovix,10,9348,,
Arkane Studios,#N/A,,
Brilliant,#N/A,,
Kinaxis,12,1902,,
PrepLadder,#N/A,,
Sight Diagnostics,#N/A,,
CI Gaming,#N/A,,
Mighty Kingdom,2,39,,
Mainvest,#N/A,,
Atmosphere,#N/A,,
Karhoo,#N/A,,
Phoenix Labs,#N/A,,
Replit,#N/A,,
Wefox,#N/A,,
Joonko,#N/A,,
SeekOut,#N/A,,
Exscientia,4,27,,
Silo,#N/A,,
Satellogic,1,74,,
Foursquare,#N/A,,
Apeks,#N/A,,
Funding Circle,#N/A,,
Take-Two Interactive,#N/A,,
Walnut,#N/A,,
FlightStats,#N/A,,
ICANN,#N/A,,
Jasper Health,#N/A,,
Tropic,#N/A,,
Aleph Farms,#N/A,,
MoonPay,#N/A,,
Yext,39,6,,
Revel,#N/A,,
Kissflow,#N/A,,
Agilent Technologies,142,92,,
Ladenzeile,#N/A,,
Lionbridge,#N/A,,
Sumo Group,#N/A,,
Paxos,#N/A,,
SCiFi Foods,#N/A,,
Medtronic,88,58,,
VRChat,#N/A,,
ByteDance,#N/A,,
Cypress.io,#N/A,,
Care/of,#N/A,,
Galvanic Gaming,#N/A,,
Moovit,#N/A,,
Running Tide,#N/A,,
Stackpath,#N/A,,
Rapyd,#N/A,,
Unit,#N/A,,
Wex,254,7,,
Bluevine,#N/A,,
Emma Sleep,#N/A,,
ReshaMandi,#N/A,,
Trade Republic,#N/A,,
Flutterwave,#N/A,,
Ginkgo Bioworks,9,24123,,
BeReal,#N/A,,
Octopus Ventures,#N/A,,
Moxion Power,#N/A,,
RealPage,#N/A,,
Priceline,#N/A,,
0,#N/A,,